{
 "var": [
  0,
  3,
  4
 ],
 "card": [
  2,
  2,
  2
 ],
 "val": [
  0.04598871102063449,
  0.037975386323679146,
  0.06893680022207822,
  0.0506338484315722,
  0.1781252891644294,
  0.14446192282779433,
  0.2589062644582162,
  0.21497177755158897
 ]
}