{
 "var": [
  0,
  1,
  2,
  3,
  4
 ],
 "card": [
  2,
  2,
  3,
  2,
  2
 ],
 "val": [
  0.010099999999999994,
  0.023199999999999915,
  0.00030000000000000003,
  0.0013000000000000004,
  0.06340000000000079,
  0.008500000000000004,
  0.0037999999999999974,
  0.0029999999999999988,
  0.12700000000000233,
  0.0048,
  0.0258999999999999,
  0.0037999999999999974,
  0.10770000000000206,
  0.20969999999999323,
  0.0014000000000000004,
  0.010199999999999994,
  0.09560000000000171,
  0.012999999999999977,
  0.004599999999999999,
  0.003499999999999998,
  0.0011000000000000003,
  0.0,
  0.0001,
  0.0,
  0.0006000000000000001,
  0.0010000000000000002,
  0.0009000000000000002,
  0.005500000000000001,
  0.003399999999999998,
  0.0008000000000000001,
  0.014299999999999969,
  0.011999999999999983,
  0.005500000000000001,
  0.00030000000000000003,
  0.09820000000000179,
  0.016999999999999953,
  0.005600000000000002,
  0.011499999999999986,
  0.006900000000000005,
  0.0464000000000003,
  0.0063000000000000035,
  0.0005,
  0.02239999999999992,
  0.01749999999999995,
  0.0,
  0.0,
  0.0012000000000000003,
  0.0002
 ]
}