{
 "var": [
  0,
  1,
  2,
  3,
  4
 ],
 "card": [
  2,
  2,
  3,
  2,
  2
 ],
 "val": [
  0.012699999999999979,
  0.025999999999999898,
  0.0001,
  0.0017000000000000006,
  0.06510000000000084,
  0.0093,
  0.0031999999999999984,
  0.0036999999999999976,
  0.11440000000000225,
  0.0043999999999999985,
  0.029599999999999876,
  0.004499999999999999,
  0.10960000000000211,
  0.20699999999999352,
  0.0012000000000000003,
  0.010499999999999992,
  0.09380000000000166,
  0.011299999999999987,
  0.005,
  0.004599999999999999,
  0.0014000000000000004,
  0.0001,
  0.0002,
  0.0,
  0.0009000000000000002,
  0.0014000000000000004,
  0.0008000000000000001,
  0.004499999999999999,
  0.004099999999999998,
  0.0011000000000000003,
  0.012799999999999978,
  0.015099999999999964,
  0.006200000000000003,
  0.0002,
  0.10050000000000185,
  0.01899999999999994,
  0.006100000000000003,
  0.009799999999999996,
  0.0067000000000000046,
  0.04400000000000023,
  0.005600000000000002,
  0.0007000000000000001,
  0.021599999999999925,
  0.018299999999999945,
  0.0001,
  0.0,
  0.0007000000000000001,
  0.0004
 ]
}