{
 "var": [
  0,
  1,
  3,
  4
 ],
 "card": [
  2,
  2,
  2,
  2
 ],
 "val": [
  0.23440850673646632,
  0.032388304716269176,
  0.01358755934158567,
  0.009871777807356139,
  0.3552361092624705,
  0.04700001478918098,
  0.01959566381235489,
  0.017968853986423533,
  0.010204534362660275,
  0.0013606045816880368,
  0.05157726607214127,
  0.04403478415191446,
  0.01878225889938921,
  0.002987414407619389,
  0.08309670644956037,
  0.05789964062292027
 ]
}