{
 "var": [
  0,
  1,
  3,
  4
 ],
 "card": [
  2,
  2,
  2,
  2
 ],
 "val": [
  0.24545297263870158,
  0.03221662292342258,
  0.013067757241562103,
  0.010601448128365883,
  0.3491115765605095,
  0.04752982577550784,
  0.0214421650512956,
  0.018662965975977396,
  0.01413526417115447,
  0.0010895932798598248,
  0.04720957369662943,
  0.03876154471933765,
  0.01590217219254878,
  0.0021202896256731735,
  0.07997099325998114,
  0.0627252347594984
 ]
}