{
 "var": [
  0,
  1,
  2,
  3,
  4,
  5,
  6,
  7,
  8,
  9
 ],
 "card": [
  2,
  2,
  2,
  2,
  2,
  2,
  2,
  2,
  2,
  2
 ],
 "val": [
  0.0,
  0.0,
  0.0,
  0.0001,
  0.0,
  0.0001,
  0.0,
  0.0,
  0.0001,
  0.0004,
  0.00030000000000000003,
  0.00030000000000000003,
  0.0,
  0.0001,
  0.0,
  0.0005,
  0.0001,
  0.0001,
  0.0002,
  0.0,
  0.0001,
  0.0009000000000000002,
  0.0001,
  0.00030000000000000003,
  0.0002,
  0.0009000000000000002,
  0.0004,
  0.0005,
  0.0,
  0.0005,
  0.0002,
  0.0016000000000000005,
  0.0,
  0.0,
  0.0001,
  0.0,
  0.0,
  0.00030000000000000003,
  0.0,
  0.0,
  0.0,
  0.0,
  0.0,
  0.0,
  0.0,
  0.0,
  0.0,
  0.0001,
  0.0,
  0.0,
  0.0,
  0.0002,
  0.0,
  0.00030000000000000003,
  0.0,
  0.0006000000000000001,
  0.0001,
  0.0,
  0.0,
  0.0001,
  0.0,
  0.0,
  0.0,
  0.0002,
  0.0,
  0.0001,
  0.0004,
  0.0005,
  0.0004,
  0.0016000000000000005,
  0.0,
  0.0007000000000000001,
  0.0005,
  0.0008000000000000001,
  0.0012000000000000003,
  0.0010000000000000002,
  0.0,
  0.0002,
  0.00030000000000000003,
  0.0010000000000000002,
  0.0001,
  0.0004,
  0.0005,
  0.0006000000000000001,
  0.0008000000000000001,
  0.005800000000000002,
  0.0008000000000000001,
  0.004599999999999999,
  0.0009000000000000002,
  0.0015000000000000005,
  0.0017000000000000006,
  0.0015000000000000005,
  0.0002,
  0.0021000000000000003,
  0.0015000000000000005,
  0.006200000000000003,
  0.0001,
  0.0,
  0.0002,
  0.0004,
  0.0001,
  0.0015000000000000005,
  0.0,
  0.0009000000000000002,
  0.0,
  0.0,
  0.0,
  0.0001,
  0.0,
  0.0001,
  0.0002,
  0.0001,
  0.0,
  0.00030000000000000003,
  0.00030000000000000003,
  0.0005,
  0.0011000000000000003,
  0.009799999999999996,
  0.0011000000000000003,
  0.006200000000000003,
  0.00030000000000000003,
  0.0002,
  0.00030000000000000003,
  0.0001,
  0.0,
  0.00030000000000000003,
  0.0,
  0.0005,
  0.0,
  0.0,
  0.0002,
  0.0,
  0.0,
  0.0001,
  0.0,
  0.0002,
  0.0002,
  0.00030000000000000003,
  0.0002,
  0.0007000000000000001,
  0.0,
  0.0001,
  0.0002,
  0.0004,
  0.0,
  0.0,
  0.0001,
  0.0001,
  0.0001,
  0.0013000000000000004,
  0.0001,
  0.0011000000000000003,
  0.0005,
  0.0010000000000000002,
  0.0015000000000000005,
  0.0013000000000000004,
  0.0002,
  0.0018000000000000006,
  0.0013000000000000004,
  0.003399999999999998,
  0.0,
  0.0,
  0.0,
  0.00030000000000000003,
  0.0,
  0.0001,
  0.0,
  0.0,
  0.0,
  0.0,
  0.0,
  0.0,
  0.0,
  0.0001,
  0.0,
  0.0,
  0.0001,
  0.0001,
  0.0,
  0.0005,
  0.0001,
  0.0021000000000000003,
  0.0002,
  0.0009000000000000002,
  0.0,
  0.0001,
  0.0,
  0.00030000000000000003,
  0.0,
  0.0001,
  0.0001,
  0.0002,
  0.0,
  0.0001,
  0.0005,
  0.00030000000000000003,
  0.0002,
  0.0020000000000000005,
  0.0001,
  0.0006000000000000001,
  0.0006000000000000001,
  0.0013000000000000004,
  0.0009000000000000002,
  0.0011000000000000003,
  0.0,
  0.0006000000000000001,
  0.0001,
  0.0011000000000000003,
  0.0,
  0.0005,
  0.0012000000000000003,
  0.0014000000000000004,
  0.0013000000000000004,
  0.019399999999999938,
  0.0020000000000000005,
  0.008200000000000006,
  0.0010000000000000002,
  0.0051,
  0.0024999999999999996,
  0.0026999999999999993,
  0.0001,
  0.005700000000000002,
  0.0038999999999999972,
  0.013899999999999971,
  0.0001,
  0.0002,
  0.0001,
  0.00030000000000000003,
  0.0001,
  0.0015000000000000005,
  0.00030000000000000003,
  0.0005,
  0.0002,
  0.0001,
  0.0002,
  0.0001,
  0.0,
  0.0001,
  0.0,
  0.0,
  0.0001,
  0.0005,
  0.0014000000000000004,
  0.0013000000000000004,
  0.0013000000000000004,
  0.018599999999999943,
  0.0024,
  0.010399999999999993,
  0.0001,
  0.0004,
  0.0005,
  0.0002,
  0.0002,
  0.0006000000000000001,
  0.0002,
  0.0020000000000000005,
  0.0,
  0.0,
  0.0,
  0.0,
  0.0,
  0.0001,
  0.0,
  0.0,
  0.0,
  0.0,
  0.0,
  0.0,
  0.0,
  0.0001,
  0.0,
  0.0,
  0.0001,
  0.0,
  0.0002,
  0.0001,
  0.0005,
  0.0032999999999999982,
  0.0004,
  0.0019000000000000006,
  0.0009000000000000002,
  0.0018000000000000006,
  0.0014000000000000004,
  0.0017000000000000006,
  0.0,
  0.0024999999999999996,
  0.0016000000000000005,
  0.007300000000000006,
  0.0,
  0.0,
  0.0,
  0.0,
  0.0,
  0.0,
  0.0,
  0.0,
  0.0,
  0.0,
  0.0,
  0.0,
  0.0,
  0.0,
  0.0,
  0.0,
  0.0,
  0.0,
  0.0001,
  0.0001,
  0.00030000000000000003,
  0.002799999999999999,
  0.0006000000000000001,
  0.0018000000000000006,
  0.0,
  0.0009000000000000002,
  0.0,
  0.0001,
  0.0001,
  0.0004,
  0.0004,
  0.0013000000000000004,
  0.0,
  0.0,
  0.0,
  0.0,
  0.0,
  0.0,
  0.0,
  0.0,
  0.0,
  0.0,
  0.0,
  0.0,
  0.0001,
  0.0,
  0.0,
  0.0001,
  0.0,
  0.0001,
  0.0001,
  0.0009000000000000002,
  0.0004,
  0.005400000000000001,
  0.0006000000000000001,
  0.002799999999999999,
  0.0006000000000000001,
  0.0017000000000000006,
  0.0012000000000000003,
  0.0011000000000000003,
  0.0005,
  0.0016000000000000005,
  0.0015000000000000005,
  0.0039999999999999975,
  0.0,
  0.0,
  0.0,
  0.0,
  0.0,
  0.0001,
  0.0,
  0.0,
  0.0,
  0.0,
  0.0,
  0.0,
  0.0,
  0.0,
  0.0,
  0.0,
  0.0,
  0.0005,
  0.00030000000000000003,
  0.0009000000000000002,
  0.0006000000000000001,
  0.006400000000000004,
  0.0008000000000000001,
  0.0036999999999999976,
  0.0001,
  0.0,
  0.00030000000000000003,
  0.00030000000000000003,
  0.0,
  0.0002,
  0.0,
  0.0008000000000000001,
  0.0,
  0.0,
  0.0002,
  0.0005,
  0.0,
  0.0006000000000000001,
  0.0002,
  0.0002,
  0.0009000000000000002,
  0.0024,
  0.0018000000000000006,
  0.0019000000000000006,
  0.0001,
  0.0006000000000000001,
  0.0004,
  0.0018000000000000006,
  0.0,
  0.0,
  0.00030000000000000003,
  0.0001,
  0.0002,
  0.003499999999999998,
  0.00030000000000000003,
  0.0016000000000000005,
  0.0008000000000000001,
  0.0024999999999999996,
  0.0021000000000000003,
  0.002899999999999999,
  0.0001,
  0.0032999999999999982,
  0.0024,
  0.008800000000000002,
  0.0,
  0.0,
  0.0001,
  0.0002,
  0.0,
  0.0008000000000000001,
  0.0001,
  0.0006000000000000001,
  0.0002,
  0.00030000000000000003,
  0.0,
  0.0,
  0.0,
  0.0,
  0.0002,
  0.0002,
  0.0,
  0.0001,
  0.0007000000000000001,
  0.0001,
  0.0004,
  0.0036999999999999976,
  0.0011000000000000003,
  0.0020000000000000005,
  0.0002,
  0.0001,
  0.00030000000000000003,
  0.0004,
  0.0001,
  0.00030000000000000003,
  0.0,
  0.0012000000000000003,
  0.0001,
  0.0002,
  0.0005,
  0.0007000000000000001,
  0.0,
  0.0014000000000000004,
  0.0002,
  0.0007000000000000001,
  0.0008000000000000001,
  0.0015000000000000005,
  0.0008000000000000001,
  0.0011000000000000003,
  0.0,
  0.00030000000000000003,
  0.0004,
  0.0006000000000000001,
  0.0,
  0.0001,
  0.0008000000000000001,
  0.00030000000000000003,
  0.0005,
  0.006900000000000005,
  0.0010000000000000002,
  0.0031999999999999984,
  0.0009000000000000002,
  0.0018000000000000006,
  0.0011000000000000003,
  0.0015000000000000005,
  0.00030000000000000003,
  0.0020000000000000005,
  0.0020000000000000005,
  0.006900000000000005,
  0.0001,
  0.0002,
  0.00030000000000000003,
  0.00030000000000000003,
  0.0001,
  0.0017000000000000006,
  0.0001,
  0.0007000000000000001,
  0.0001,
  0.0001,
  0.0,
  0.0001,
  0.0,
  0.0,
  0.0,
  0.0001,
  0.0001,
  0.0002,
  0.0002,
  0.0007000000000000001,
  0.0011000000000000003,
  0.0078000000000000074,
  0.0015000000000000005,
  0.006000000000000003,
  0.0001,
  0.00030000000000000003,
  0.0002,
  0.0,
  0.0001,
  0.0002,
  0.0,
  0.0006000000000000001,
  0.0,
  0.0002,
  0.0,
  0.0001,
  0.0001,
  0.0004,
  0.0002,
  0.00030000000000000003,
  0.0008000000000000001,
  0.0021000000000000003,
  0.0011000000000000003,
  0.0018000000000000006,
  0.00030000000000000003,
  0.0004,
  0.0,
  0.0011000000000000003,
  0.0001,
  0.0,
  0.0002,
  0.00030000000000000003,
  0.0006000000000000001,
  0.002799999999999999,
  0.0007000000000000001,
  0.0014000000000000004,
  0.0014000000000000004,
  0.0025999999999999994,
  0.0010000000000000002,
  0.002799999999999999,
  0.00030000000000000003,
  0.0032999999999999982,
