{
 "var": [
  0,
  1,
  2,
  3,
  4,
  5,
  6,
  7,
  8,
  9
 ],
 "card": [
  2,
  2,
  2,
  2,
  2,
  2,
  2,
  2,
  2,
  2
 ],
 "val": [
  0.0,
  0.0,
  0.0001,
  0.0001,
  0.0001,
  0.0001,
  0.0001,
  0.0,
  0.0,
  0.00030000000000000003,
  0.0002,
  0.0005,
  0.0,
  0.0001,
  0.0,
  0.0007000000000000001,
  0.0001,
  0.0001,
  0.0001,
  0.0001,
  0.0001,
  0.0005,
  0.0001,
  0.00030000000000000003,
  0.0002,
  0.0010000000000000002,
  0.0006000000000000001,
  0.00030000000000000003,
  0.0,
  0.0008000000000000001,
  0.0002,
  0.0022,
  0.0001,
  0.0,
  0.0,
  0.0002,
  0.0,
  0.0002,
  0.0,
  0.0001,
  0.0,
  0.0,
  0.0001,
  0.0,
  0.0,
  0.0,
  0.0,
  0.0,
  0.0,
  0.0,
  0.0,
  0.0,
  0.0002,
  0.0006000000000000001,
  0.0001,
  0.00030000000000000003,
  0.0001,
  0.0001,
  0.0,
  0.0,
  0.0,
  0.0,
  0.0,
  0.0,
  0.0,
  0.0002,
  0.00030000000000000003,
  0.0005,
  0.0,
  0.0019000000000000006,
  0.0002,
  0.0006000000000000001,
  0.0002,
  0.0015000000000000005,
  0.0007000000000000001,
  0.0013000000000000004,
  0.0002,
  0.00030000000000000003,
  0.00030000000000000003,
  0.0016000000000000005,
  0.0001,
  0.0002,
  0.00030000000000000003,
  0.0002,
  0.0009000000000000002,
  0.007600000000000007,
  0.0011000000000000003,
  0.005800000000000002,
  0.0009000000000000002,
  0.0014000000000000004,
  0.0011000000000000003,
  0.0014000000000000004,
  0.0002,
  0.0025999999999999994,
  0.0017000000000000006,
  0.006900000000000005,
  0.0001,
  0.0001,
  0.0002,
  0.0007000000000000001,
  0.0001,
  0.0017000000000000006,
  0.00030000000000000003,
  0.0008000000000000001,
  0.0,
  0.0,
  0.0002,
  0.0,
  0.0,
  0.0,
  0.0001,
  0.0,
  0.0,
  0.0004,
  0.0006000000000000001,
  0.0011000000000000003,
  0.0008000000000000001,
  0.012199999999999982,
  0.0012000000000000003,
  0.004499999999999999,
  0.0,
  0.0001,
  0.0,
  0.0001,
  0.0,
  0.0004,
  0.0002,
  0.0010000000000000002,
  0.0,
  0.0,
  0.0,
  0.0,
  0.0,
  0.0002,
  0.0,
  0.0,
  0.0,
  0.0004,
  0.0002,
  0.00030000000000000003,
  0.0,
  0.00030000000000000003,
  0.0,
  0.0002,
  0.0,
  0.0001,
  0.0,
  0.0,
  0.0001,
  0.0012000000000000003,
  0.00030000000000000003,
  0.0010000000000000002,
  0.0009000000000000002,
  0.0011000000000000003,
  0.0013000000000000004,
  0.0012000000000000003,
  0.0002,
  0.0014000000000000004,
  0.0005,
  0.004599999999999999,
  0.0,
  0.0,
  0.0,
  0.0001,
  0.0001,
  0.0,
  0.0,
  0.0001,
  0.0,
  0.0,
  0.0,
  0.0,
  0.0,
  0.0,
  0.0,
  0.0,
  0.0002,
  0.0,
  0.0001,
  0.0,
  0.0,
  0.0014000000000000004,
  0.0002,
  0.0010000000000000002,
  0.0002,
  0.0,
  0.00030000000000000003,
  0.0001,
  0.0,
  0.00030000000000000003,
  0.0002,
  0.0007000000000000001,
  0.0,
  0.0002,
  0.00030000000000000003,
  0.0006000000000000001,
  0.0002,
  0.0015000000000000005,
  0.0004,
  0.0008000000000000001,
  0.0008000000000000001,
  0.0013000000000000004,
  0.0009000000000000002,
  0.0008000000000000001,
  0.0001,
  0.0005,
  0.00030000000000000003,
  0.0014000000000000004,
  0.0004,
  0.0002,
  0.0012000000000000003,
  0.0015000000000000005,
  0.0014000000000000004,
  0.016699999999999954,
  0.0017000000000000006,
  0.007400000000000006,
  0.0013000000000000004,
  0.004699999999999999,
  0.003499999999999998,
  0.0037999999999999974,
  0.0006000000000000001,
  0.003399999999999998,
  0.0025999999999999994,
  0.015199999999999964,
  0.0,
  0.0,
  0.0005,
  0.00030000000000000003,
  0.00030000000000000003,
  0.0015000000000000005,
  0.0001,
  0.0007000000000000001,
  0.0,
  0.00030000000000000003,
  0.0002,
  0.00030000000000000003,
  0.0,
  0.0,
  0.0001,
  0.0,
  0.0002,
  0.0004,
  0.0013000000000000004,
  0.0017000000000000006,
  0.0022,
  0.018499999999999944,
  0.0021000000000000003,
  0.009899999999999996,
  0.0005,
  0.0004,
  0.0001,
  0.00030000000000000003,
  0.0002,
  0.0007000000000000001,
  0.00030000000000000003,
  0.0018000000000000006,
  0.0,
  0.0,
  0.0,
  0.0,
  0.0,
  0.0,
  0.0,
  0.0,
  0.0,
  0.0,
  0.0001,
  0.0,
  0.0,
  0.0001,
  0.0,
  0.0001,
  0.0001,
  0.0,
  0.0004,
  0.00030000000000000003,
  0.0005,
  0.0023,
  0.0001,
  0.0012000000000000003,
  0.0012000000000000003,
  0.0017000000000000006,
  0.0018000000000000006,
  0.0017000000000000006,
  0.0001,
  0.0023,
  0.0021000000000000003,
  0.008500000000000004,
  0.0,
  0.0,
  0.0,
  0.0,
  0.0,
  0.0,
  0.0,
  0.0,
  0.0,
  0.0,
  0.0,
  0.0,
  0.0,
  0.0,
  0.0,
  0.0,
  0.0,
  0.0002,
  0.0006000000000000001,
  0.0,
  0.0002,
  0.0039999999999999975,
  0.00030000000000000003,
  0.0024,
  0.0,
  0.0002,
  0.0,
  0.00030000000000000003,
  0.0,
  0.0007000000000000001,
  0.0002,
  0.0011000000000000003,
  0.0,
  0.0,
  0.0,
  0.0001,
  0.0,
  0.0001,
  0.0,
  0.0,
  0.0,
  0.0001,
  0.0001,
  0.0001,
  0.0,
  0.0,
  0.0,
  0.0,
  0.0,
  0.0,
  0.0007000000000000001,
  0.0002,
  0.0006000000000000001,
  0.005200000000000001,
  0.0007000000000000001,
  0.0032999999999999982,
  0.0005,
  0.0013000000000000004,
  0.0015000000000000005,
  0.0016000000000000005,
  0.0001,
  0.0014000000000000004,
  0.0010000000000000002,
  0.0049,
  0.0,
  0.0,
  0.0,
  0.0,
  0.0,
  0.0002,
  0.0,
  0.0,
  0.0,
  0.0,
  0.0,
  0.0,
  0.0,
  0.0,
  0.0,
  0.0,
  0.0001,
  0.0001,
  0.0002,
  0.0004,
  0.0005,
  0.008400000000000005,
  0.0009000000000000002,
  0.004499999999999999,
  0.0,
  0.0001,
  0.0001,
  0.0001,
  0.0,
  0.0001,
  0.0001,
  0.0005,
  0.0,
  0.0001,
  0.0,
  0.0002,
  0.0001,
  0.0009000000000000002,
  0.0,
  0.0002,
  0.0012000000000000003,
  0.0021000000000000003,
  0.0020000000000000005,
  0.0019000000000000006,
  0.0001,
  0.0006000000000000001,
  0.00030000000000000003,
  0.0023,
  0.0,
  0.0,
  0.00030000000000000003,
  0.00030000000000000003,
  0.0005,
  0.0032999999999999982,
  0.0004,
  0.0012000000000000003,
  0.0008000000000000001,
  0.0032999999999999982,
  0.0013000000000000004,
  0.0029999999999999988,
  0.0002,
  0.0029999999999999988,
  0.0022,
  0.010499999999999992,
  0.0001,
  0.0,
  0.0001,
  0.0004,
  0.0001,
  0.0010000000000000002,
  0.0002,
  0.0007000000000000001,
  0.0001,
  0.0005,
  0.0004,
  0.0001,
  0.0,
  0.0001,
  0.0001,
  0.0,
  0.0,
  0.0002,
  0.0001,
  0.0002,
  0.0001,
  0.004699999999999999,
  0.0004,
  0.0025999999999999994,
  0.0002,
  0.0002,
  0.0004,
  0.0,
  0.0,
  0.00030000000000000003,
  0.00030000000000000003,
  0.0010000000000000002,
  0.0,
  0.00030000000000000003,
  0.0004,
  0.0002,
  0.0001,
  0.0017000000000000006,
  0.0,
  0.0010000000000000002,
  0.0004,
  0.0013000000000000004,
  0.0011000000000000003,
  0.0011000000000000003,
  0.0,
  0.0004,
  0.0001,
  0.0010000000000000002,
  0.0,
  0.0001,
  0.0002,
  0.0004,
  0.0005,
  0.007100000000000006,
  0.0010000000000000002,
  0.0039999999999999975,
  0.0005,
  0.0025999999999999994,
  0.0012000000000000003,
  0.0014000000000000004,
  0.0,
  0.0018000000000000006,
  0.0016000000000000005,
  0.0063000000000000035,
  0.0001,
  0.00030000000000000003,
  0.0002,
  0.0008000000000000001,
  0.0002,
  0.0017000000000000006,
  0.0001,
  0.0013000000000000004,
  0.0001,
  0.0001,
  0.00030000000000000003,
  0.0001,
  0.0,
  0.0,
  0.0,
  0.0005,
  0.0001,
  0.0001,
  0.0005,
  0.00030000000000000003,
  0.0008000000000000001,
  0.0092,
  0.0008000000000000001,
  0.0048,
  0.0,
  0.0,
  0.0002,
  0.00030000000000000003,
  0.0,
  0.00030000000000000003,
  0.0001,
  0.0004,
  0.0,
  0.0002,
  0.00030000000000000003,
  0.0001,
  0.0002,
  0.0008000000000000001,
  0.0001,
  0.0,
  0.0007000000000000001,
  0.0026999999999999993,
  0.0016000000000000005,
  0.0010000000000000002,
  0.0,
  0.0007000000000000001,
  0.0002,
  0.0009000000000000002,
  0.0,
  0.0,
  0.00030000000000000003,
  0.0001,
  0.0001,
  0.0029999999999999988,
  0.0004,
  0.0016000000000000005,
  0.0010000000000000002,
  0.0029999999999999988,
  0.0020000000000000005,
  0.0014000000000000004,
  0.0002,
  0.0020000000000000005,
  0.0020000000000000005,
  0.0092,
  0.0,
  0.0001,
  0.0002,
  0.0,
  0.0,
  0.0002,
  0.0001,
