{
 "var": [
  0,
  1,
  3,
  4,
  6,
  7,
  8,
  9
 ],
 "card": [
  2,
  2,
  2,
  2,
  2,
  2,
  2,
  2
 ],
 "val": [
  0.00010172676560673545,
  0.0008138141248538833,
  0.00010172676560673546,
  0.0003255256499415533,
  0.0,
  2.959324090377758e-05,
  1.849577556486099e-05,
  0.000147966204518888,
  0.0004069070624269418,
  0.0024414423745616493,
  0.0004069070624269417,
  0.00146486542473699,
  5.548732669458296e-05,
  0.0003551188908453309,
  7.398310225944398e-05,
  0.0008582039862095498,
  0.0006103605936404127,
  0.006347750173860297,
  0.0004069070624269417,
  0.003906307799298643,
  0.0,
  0.0,
  7.398310225944395e-05,
  0.0004734918544604412,
  0.0039673438586626825,
  0.037760975393220084,
  0.0038656170930559475,
  0.019043250521580835,
  9.247887782430495e-05,
  0.0010949499134397707,
  0.0006103605936404127,
  0.0024266457541097628,
  0.0,
  0.0011393397747954366,
  0.0,
  0.0008138141248538834,
  1.849577556486099e-05,
  5.9186481807555176e-05,
  1.849577556486099e-05,
  0.00020715268632644316,
  0.0008138141248538835,
  0.005859461698947961,
  0.0010172676560673544,
  0.0024414423745616493,
  5.5487326694582966e-05,
  0.0005918648180755515,
  0.0005918648180755515,
  0.0018347809360342129,
  0.0008138141248538837,
  0.005859461698947966,
  0.0008138141248538836,
  0.0022786795495908746,
  0.0,
  0.0001479662045188879,
  7.398310225944397e-05,
  0.0006510512998831068,
  0.0075277806548984085,
  0.08414838050989218,
  0.0077312341861118785,
  0.038900315168015516,
  0.00018495775564860987,
  0.0019531538996493234,
  0.0012577127384105467,
  0.00665847920334994,
  0.0,
  0.0,
  0.0,
  0.0,
  0.0,
  0.0,
  0.0,
  5.9186481807555196e-05,
  0.0009155408904606189,
  0.009440243848305043,
  0.0015259014841010317,
  0.0048828847491232995,
  0.00014796620451888788,
  0.0014796620451888805,
  0.0008693014515484669,
  0.003344036222126864,
  0.0,
  0.00032552564994155344,
  0.0,
  0.0,
  0.0,
  0.0,
  0.0,
  0.0,
  0.002543169140168386,
  0.0260420519953242,
  0.003560436796235741,
  0.014648654247369877,
  7.398310225944394e-05,
  0.0007102377816906618,
  0.0004254028379918026,
  0.0017460012133228798,
  0.00010172676560673545,
  0.0034180193243863125,
  0.0005086338280336772,
  0.0009765769498246602,
  1.849577556486099e-05,
  0.00017755944542266548,
  0.00018495775564860993,
  0.0007102377816906619,
  0.002136262077741444,
  0.014323128597428325,
  0.0013224479528875608,
  0.006998801473743399,
  0.00014796620451888794,
  0.0014204755633813251,
  0.0010172676560673548,
  0.003906307799298636,
  0.0004069070624269418,
  0.004557359099181751,
  0.0005086338280336772,
  0.003906307799298643,
  0.0,
  0.00020715268632644305,
  9.247887782430492e-05,
  0.0004438986135566638,
  0.0021362620777414442,
  0.031250462394389035,
  0.003662163561842476,
  0.014974179897311429,
  9.247887782430495e-05,
  0.001065356672535993,
  0.0005733690425106906,
  0.0022194930677833205,
  0.0,
  0.002278679549590873,
  0.00020345353121347092,
  0.00146486542473699,
  3.699155112972198e-05,
  0.00020715268632644305,
  0.00011097465338916594,
  0.0003255256499415535,
  0.0010172676560673544,
  0.013997602947486773,
  0.0014241747184942962,
  0.008300904073509611,
  5.548732669458296e-05,
  0.0015092552860926582,
  0.0006843436958998574,
  0.0029889173312815345,
  0.0,
  0.0004882884749123302,
  0.00010172676560673545,
  0.0006510512998831069,
  0.0,
  0.0,
  1.849577556486099e-05,
  8.877972271133277e-05,
  0.0002034535312134709,
  0.0030924936744447552,
  0.0005086338280336773,
  0.0030924936744447552,
  0.0,
  5.918648180755515e-05,
  9.247887782430495e-05,
  0.0005918648180755516,
  0.00040690706242694184,
  0.003743544974327861,
  0.00020345353121347092,
  0.0008138141248538834,
  1.849577556486099e-05,
  0.00020715268632644313,
  0.00018495775564860993,
  0.0005030850953642189,
  0.0022379888433481797,
  0.029622834144681275,
  0.0034587100306290052,
  0.01660180814701919,
  0.0002589408579080539,
  0.0026633916813399825,
  0.0014796620451888777,
  0.008315700693961479,
  0.00030518029682020633,
  0.00032552564994155344,
  0.0002034535312134709,
  0.00032552564994155344,
  0.0,
  0.0,
  1.849577556486099e-05,
  2.959324090377759e-05,
  0.0010172676560673544,
  0.007324327123684953,
  0.0015259014841010317,
  0.0030924936744447552,
  7.398310225944394e-05,
  0.00011837296361511032,
  0.00011097465338916594,
  0.0007694242634982171,
  0.0,
  0.00016276282497077667,
  0.0,
  0.00016276282497077667,
  1.849577556486099e-05,
  2.959324090377758e-05,
  1.849577556486099e-05,
  0.00014796620451888796,
  0.002950076202595328,
  0.024251660920645665,
  0.0022379888433481797,
  0.01285826317269134,
  0.00018495775564860987,
  0.002367459272302208,
  0.0018865691076158178,
  0.006599292721542385,
  0.00020345353121347092,
  0.0004882884749123302,
  0.0,
  0.0,
  0.0,
  2.9593240903777588e-05,
  0.0,
  2.959324090377759e-05,
  0.006103605936404118,
  0.07047630321234641,
  0.007324327123684938,
  0.03255256499415525,
  0.00020345353121347087,
  0.001716407972419102,
  0.0012207211872808249,
  0.0053267833626799545,
  0.0006103605936404128,
  0.006510512998831074,
  0.0008138141248538836,
  0.003906307799298643,
  3.6991551129721984e-05,
  0.0005918648180755516,
  0.0004069070624269416,
  0.0018051876951304352,
  0.0036621635618424757,
  0.029622834144681278,
  0.002848349436988593,
  0.016927333796960747,
  0.00029593240903777576,
  0.0029297308494739796,
  0.0018680733320509569,
  0.009292277643786135,
  0.0010172676560673544,
  0.01562523119719454,
  0.0011189944216740899,
  0.0071615642987141815,
  5.548732669458297e-05,
  0.000355118890845331,
  0.00020345353121347087,
  0.0007102377816906619,
  0.006815693295651263,
  0.08121864966041809,
  0.009562315967033124,
  0.035319533018658436,
  0.00022194930677833192,
  0.0024858322359173103,
  0.0013132000651051294,
  0.006628885962446163
 ]
}