{
 "var": [
  0,
  1,
  3,
  4,
  6,
  7,
  8,
  9
 ],
 "card": [
  2,
  2,
  2,
  2,
  2,
  2,
  2,
  2
 ],
 "val": [
  0.0,
  0.0011285316996493488,
  0.0,
  0.00016121881423562126,
  0.0,
  2.9312511679203873e-05,
  1.8320319799502422e-05,
  8.793753503761166e-05,
  0.00010076175889726332,
  0.003708032727419287,
  0.00030228527669178993,
  0.0008060940711781064,
  3.664063959900483e-05,
  0.00029312511679203875,
  0.00021984383759402905,
  0.0010845629321305434,
  0.0005038087944863166,
  0.005803877312482366,
  0.0014106646245616865,
  0.0041916891701261555,
  0.0,
  0.00020518758175442711,
  7.328127919800969e-05,
  0.0003517501401504465,
  0.00433275563258232,
  0.03546813913183664,
  0.0028213292491233726,
  0.018862601265567668,
  7.328127919800969e-05,
  0.0009086878620553201,
  0.0006412111929825851,
  0.00234500093433631,
  0.0,
  0.0006448752569424851,
  0.0,
  0.00048365644270686385,
  0.0,
  2.9312511679203876e-05,
  1.8320319799502422e-05,
  0.00017587507007522327,
  0.000705332312280843,
  0.006609971383660466,
  0.00030228527669178993,
  0.003063157470476803,
  5.496095939850727e-05,
  0.0007328127919800968,
  0.0003664063959900483,
  0.0017880632124314363,
  0.0007053323122808435,
  0.005803877312482366,
  0.0007053323122808431,
  0.00241828221353432,
  1.8320319799502422e-05,
  0.0002638126051128349,
  0.00014656255839601938,
  0.0006741877686216891,
  0.008564749506267379,
  0.07996453186086881,
  0.007657893676192004,
  0.03675788964572161,
  0.00014656255839601935,
  0.0020225633058650674,
  0.001062578548371142,
  0.005833189824161599,
  0.0,
  0.00016121881423562128,
  0.0,
  0.00016121881423562128,
  0.0,
  0.0,
  0.0,
  0.0,
  0.0016121881423562133,
  0.011124098182257857,
  0.0015114263834589499,
  0.007738503083309814,
  7.328127919800966e-05,
  0.0011431879554889511,
  0.0008244143909776098,
  0.0038106265182965035,
  0.0,
  0.0003224376284712426,
  0.0,
  0.0003224376284712426,
  0.0,
  2.9312511679203876e-05,
  0.0,
  0.0,
  0.00211599693684253,
  0.025472572649228132,
  0.0023175204546370567,
  0.011930192253435962,
  5.4960959398507256e-05,
  0.0007035002803008928,
  0.0004396876751880581,
  0.001641500654035417,
  0.00030228527669178993,
  0.003224376284712424,
  0.00030228527669178993,
  0.0019346257708274554,
  3.6640639599004844e-05,
  0.0003517501401504465,
  0.00014656255839601938,
  0.0008500628386969124,
  0.0009068558300753695,
  0.014832130909677142,
  0.00211599693684253,
  0.007416065454838572,
  9.16015989975121e-05,
  0.0013483755372433782,
  0.0006228908731830827,
  0.004015814100050932,
  0.00030228527669178993,
  0.006771190197896093,
  0.00040304703558905326,
  0.0025795010277699414,
  3.6640639599004844e-05,
  0.00014656255839601938,
  9.160159899751209e-05,
  0.0006155627452632814,
  0.002821329249123372,
  0.031598887590181736,
  0.0030228527669178985,
  0.014348474466970278,
  9.16015989975121e-05,
  0.0009086878620553199,
  0.0005862502335840777,
  0.0022863759109779023,
  0.00040304703558905326,
  0.003063157470476803,
  0.00010076175889726334,
  0.0014509693281205913,
  1.8320319799502422e-05,
  0.00017587507007522325,
  0.0001832031979950242,
  0.0007621253036593008,
  0.0008060940711781064,
  0.011124098182257857,
  0.0011083793478698963,
  0.006126314940953603,
  9.160159899751208e-05,
  0.001172500467168155,
  0.0005496095939850728,
  0.0037520014949380957,
  0.0,
  0.0008060940711781065,
  0.00010076175889726332,
  0.00048365644270686396,
  0.0,
  5.862502335840775e-05,
  0.0,
  5.862502335840775e-05,
  0.0005038087944863166,
  0.003869251541654908,
  0.0005038087944863167,
  0.0020958445850630765,
  1.8320319799502422e-05,
  0.00011725004671681547,
  3.6640639599004844e-05,
  8.793753503761164e-05,
  0.00030228527669179004,
  0.003385595098948045,
  0.00030228527669179004,
  0.0009673128854137277,
  3.6640639599004844e-05,
  0.00020518758175442711,
  0.0001832031979950242,
  0.0008500628386969123,
  0.002720567490226109,
  0.03256620047559546,
  0.0035266615614042143,
  0.013703599210027794,
  0.0001648828781955218,
  0.002608813539449145,
  0.0015755475027572083,
  0.008060940711781126,
  0.00010076175889726332,
  0.0008060940711781065,
  0.0,
  0.0001612188142356213,
  0.0,
  2.9312511679203873e-05,
  0.0,
  0.0,
  0.0007053323122808431,
  0.0069324090121317085,
  0.0009068558300753697,
  0.003869251541654908,
  0.0,
  0.00029312511679203875,
  0.0001832031979950242,
  0.0004983126985464659,
  0.0,
  0.00016121881423562128,
  0.0,
  0.00016121881423562128,
  0.0,
  0.0,
  0.0,
  0.0,
  0.003425899802506951,
  0.030147918262061143,
  0.00211599693684253,
  0.013219942767320931,
  0.000219843837594029,
  0.00234500093433631,
  0.0017404303809527334,
  0.006947065267971363,
  0.0,
  0.0006448752569424853,
  0.00010076175889726332,
  0.00016121881423562134,
  1.832031979950242e-05,
  2.9312511679203876e-05,
  1.8320319799502422e-05,
  0.0,
  0.0066502760872193725,
  0.06400386925154164,
  0.006851799605013899,
  0.03482326387489416,
  0.00014656255839601935,
  0.0019932507941858627,
  0.000989297269173132,
  0.0051590020555399,
  0.00030228527669179004,
  0.006126314940953603,
  0.0011083793478698963,
  0.003385595098948045,
  5.496095939850727e-05,
  0.0006448752569424852,
  0.0003297657563910436,
  0.0019053132591482517,
  0.0031236145258151595,
  0.03498448268912978,
  0.003929708596993268,
  0.017250413123211458,
  0.0003847267157895508,
  0.0024915634927323294,
  0.0018320319799502458,
  0.008471315875289986,
  0.0017129499012534766,
  0.014832130909677147,
  0.0016121881423562133,
  0.006609971383660472,
  1.8320319799502422e-05,
  0.0004983126985464659,
  0.0002748047969925363,
  0.0012311254905265627,
  0.007154084881705688,
  0.0804481883035757,
  0.008161702470678323,
  0.04159445407279024,
  0.00020152351779452663,
  0.002139813352581882,
  0.0012824223859651716,
  0.006243564987670459
 ]
}