{
 "0": {
  "variance": 0.9742344563121561,
  "bias": -0.04525670749019531
 }
}