{
 "0": {
  "variance": 0.9946864529156255,
  "bias": 0.0015767005081253245
 }
}