{
 "0": {
  "variance": 0.8977955190621946,
  "bias": -0.004724681514974187
 },
 "1": {
  "variance": 0.09855837347633409,
  "bias": 0.2889230159460314,
  "0": 0.494354559454292
 },
 "2": {
  "variance": 1.4093760292889566,
  "bias": 0.261329003816057,
  "0": -0.49568402590248106,
  "1": 0.7503921753237128
 }
}