{
 "0": {
  "variance": 0.9974877408077235,
  "bias": -0.0020013618887850977
 },
 "1": {
  "variance": 0.09995851021893404,
  "bias": 0.3016807769192864,
  "0": 0.5007563285952898
 },
 "2": {
  "variance": 1.4939431801634744,
  "bias": 0.30098728059030877,
  "0": -0.5053310270807033,
  "1": 0.8015230035544925
 }
}